Data,Valoare EUR (exprimată in lei)
22.02.2020,
23.02.2020,
24.02.2020,4.8024
25.02.2020,4.8079
26.02.2020,4.8074
27.02.2020,4.8068
28.02.2020,4.8127
29.02.2020,
01.03.2020,
02.03.2020,4.8103
03.03.2020,4.8074
04.03.2020,4.8057
05.03.2020,4.8086
06.03.2020,4.8110
07.03.2020,
08.03.2020,
09.03.2020,4.8184
10.03.2020,4.8170
11.03.2020,4.8167
12.03.2020,4.8157
13.03.2020,4.8174
14.03.2020,
15.03.2020,
16.03.2020,4.8242
17.03.2020,4.8448
18.03.2020,4.8438
19.03.2020,4.8440
20.03.2020,4.8444
21.03.2020,
22.03.2020,
23.03.2020,4.8443
24.03.2020,4.8445
25.03.2020,4.8367
26.03.2020,4.8345
27.03.2020,4.8332
28.03.2020,
29.03.2020,
30.03.2020,4.8297
31.03.2020,4.8254
01.04.2020,4.8246
02.04.2020,4.8288
03.04.2020,4.8286
04.04.2020,
05.04.2020,
06.04.2020,4.8280
07.04.2020,4.8314
08.04.2020,4.8338
09.04.2020,4.8278
10.04.2020,4.8277
11.04.2020,
12.04.2020,
13.04.2020,4.8297
14.04.2020,4.8327
15.04.2020,4.8345
16.04.2020,4.8360
17.04.2020,
18.04.2020,
19.04.2020,
20.04.2020,
21.04.2020,4.8345
22.04.2020,4.8382
23.04.2020,4.8414
24.04.2020,4.8412
25.04.2020,
26.04.2020,
27.04.2020,4.8360
28.04.2020,4.8436
29.04.2020,4.8425
30.04.2020,4.8421
01.05.2020,
02.05.2020,
03.05.2020,
04.05.2020,4.8387
05.05.2020,4.8290
06.05.2020,4.8258
07.05.2020,4.8242
08.05.2020,4.8278
09.05.2020,
10.05.2020,
11.05.2020,4.8295
12.05.2020,4.8297
13.05.2020,4.8349
14.05.2020,4.8376
15.05.2020,4.8390
16.05.2020,
17.05.2020,
18.05.2020,4.8392
19.05.2020,4.8395
20.05.2020,4.8421
21.05.2020,4.8425
22.05.2020,4.8422
23.05.2020,
24.05.2020,
25.05.2020,4.8396
26.05.2020,4.8415
27.05.2020,4.8432
28.05.2020,4.8421
29.05.2020,4.8426
30.05.2020,
31.05.2020,
01.06.2020,
02.06.2020,4.8419
03.06.2020,4.8398
04.06.2020,4.8387
05.06.2020,4.8393
06.06.2020,
07.06.2020,
08.06.2020,
09.06.2020,4.8377
10.06.2020,4.8338
11.06.2020,4.8358
12.06.2020,4.8340
13.06.2020,
14.06.2020,
15.06.2020,4.8337
16.06.2020,4.8360
17.06.2020,4.8350
18.06.2020,4.8394
19.06.2020,4.8421
20.06.2020,
21.06.2020,
22.06.2020,4.8415
23.06.2020,4.8428
24.06.2020,4.8432
25.06.2020,4.8422
26.06.2020,4.8421
27.06.2020,
28.06.2020,
29.06.2020,4.8439
30.06.2020,4.8423
01.07.2020,4.8372
02.07.2020,4.8319
03.07.2020,4.8378
04.07.2020,
05.07.2020,
06.07.2020,4.8365
07.07.2020,4.8397
08.07.2020,4.8406
09.07.2020,4.8408
10.07.2020,4.8418
11.07.2020,
12.07.2020,
13.07.2020,4.8423
14.07.2020,4.8430
15.07.2020,4.8433
16.07.2020,4.8429
17.07.2020,4.8428
18.07.2020,
19.07.2020,
20.07.2020,4.8427
21.07.2020,4.8417
22.07.2020,4.8401
23.07.2020,4.8353
24.07.2020,4.8340
25.07.2020,
26.07.2020,
27.07.2020,4.8276
28.07.2020,4.8335
29.07.2020,4.8342
30.07.2020,4.8321
31.07.2020,4.8316
01.08.2020,
02.08.2020,
03.08.2020,4.8351
04.08.2020,4.8341
05.08.2020,4.8336
06.08.2020,4.8359
07.08.2020,4.8375
08.08.2020,
09.08.2020,
10.08.2020,4.8359
11.08.2020,4.8347
12.08.2020,4.8357
13.08.2020,4.8344
14.08.2020,4.8358
15.08.2020,
16.08.2020,
17.08.2020,4.8344
18.08.2020,4.8349
19.08.2020,4.8390
20.08.2020,4.8396
21.08.2020,4.8400
22.08.2020,
23.08.2020,
24.08.2020,4.8402
25.08.2020,4.8392
26.08.2020,4.8404
27.08.2020,4.8424
28.08.2020,4.8387
29.08.2020,
30.08.2020,
31.08.2020,4.8404
01.09.2020,4.8393
02.09.2020,4.8409
03.09.2020,4.8442
04.09.2020,4.8492
05.09.2020,
06.09.2020,
07.09.2020,4.8552
08.09.2020,4.8545
09.09.2020,4.8590
10.09.2020,4.8573
11.09.2020,4.8567
12.09.2020,
13.09.2020,
14.09.2020,4.8573
15.09.2020,4.8567
16.09.2020,4.8586
17.09.2020,4.8595
18.09.2020,4.8582
19.09.2020,
20.09.2020,
21.09.2020,4.8583
22.09.2020,4.8590
23.09.2020,4.8641
24.09.2020,4.8722
25.09.2020,4.8750
26.09.2020,
27.09.2020,
28.09.2020,4.8705
29.09.2020,4.8738
30.09.2020,4.8698
01.10.2020,4.8721
02.10.2020,4.8718
03.10.2020,
04.10.2020,
05.10.2020,4.8695
06.10.2020,4.8742
07.10.2020,4.8729
08.10.2020,4.8741
09.10.2020,4.8720
10.10.2020,
11.10.2020,
12.10.2020,4.8718
13.10.2020,4.8739
14.10.2020,4.8734
15.10.2020,4.8736
16.10.2020,4.8737
17.10.2020,
18.10.2020,
19.10.2020,4.8746
20.10.2020,4.8738
21.10.2020,4.8737
22.10.2020,4.8730
23.10.2020,4.8744
24.10.2020,
25.10.2020,
26.10.2020,4.8731
27.10.2020,4.8741
28.10.2020,4.8746
29.10.2020,4.8747
30.10.2020,4.8743
31.10.2020,
01.11.2020,
02.11.2020,4.8643
03.11.2020,4.8675
04.11.2020,4.8672
05.11.2020,4.8657
06.11.2020,4.8668
07.11.2020,
08.11.2020,
09.11.2020,4.8674
10.11.2020,4.8667
11.11.2020,4.8678
12.11.2020,4.8686
13.11.2020,4.8690
14.11.2020,
15.11.2020,
16.11.2020,4.8715
17.11.2020,4.8729
18.11.2020,4.8725
19.11.2020,4.8729
20.11.2020,4.8730
21.11.2020,
22.11.2020,
23.11.2020,4.8732
24.11.2020,4.8703
25.11.2020,4.8730
26.11.2020,4.8738
27.11.2020,4.8735
28.11.2020,
29.11.2020,
30.11.2020,
01.12.2020,
02.12.2020,4.8721
03.12.2020,4.8736
04.12.2020,4.8725
05.12.2020,
06.12.2020,
07.12.2020,4.8733
08.12.2020,4.8735
09.12.2020,4.8680
10.12.2020,4.8692
11.12.2020,4.8693
12.12.2020,
13.12.2020,
14.12.2020,4.8730
15.12.2020,4.8686
16.12.2020,4.8684
17.12.2020,4.8697
18.12.2020,4.8677
19.12.2020,
20.12.2020,
21.12.2020,4.8663
22.12.2020,4.8649
23.12.2020,4.8705
24.12.2020,4.8720
25.12.2020,
26.12.2020,
27.12.2020,
28.12.2020,4.8735
29.12.2020,4.8743
30.12.2020,4.8744
31.12.2020,4.8694
01.01.2021,
02.01.2021,
03.01.2021,
04.01.2021,4.8691
05.01.2021,4.8710
06.01.2021,4.8700
07.01.2021,4.8701
08.01.2021,4.8704
09.01.2021,
10.01.2021,
11.01.2021,4.8709
12.01.2021,4.8715
13.01.2021,4.8738
14.01.2021,4.8728
15.01.2021,4.8737
16.01.2021,
17.01.2021,
18.01.2021,4.8740
19.01.2021,4.8742
20.01.2021,4.8741
21.01.2021,4.8738
22.01.2021,4.8740
23.01.2021,
24.01.2021,
25.01.2021,4.8744
26.01.2021,4.8746
27.01.2021,4.8745
28.01.2021,4.8742
29.01.2021,4.8743
30.01.2021,
31.01.2021,
01.02.2021,4.8728
02.02.2021,4.8739
03.02.2021,4.8713
04.02.2021,4.8742
05.02.2021,4.8744
06.02.2021,
07.02.2021,
08.02.2021,4.8740
09.02.2021,4.8745
10.02.2021,4.8744
11.02.2021,4.8741
12.02.2021,4.8743
13.02.2021,
14.02.2021,
15.02.2021,4.8745
16.02.2021,4.8747
17.02.2021,4.8746
18.02.2021,4.8748
19.02.2021,4.8747
20.02.2021,
21.02.2021,
22.02.2021,4.8746
23.02.2021,4.8745
24.02.2021,4.8743
25.02.2021,4.8725
26.02.2021,4.8745
27.02.2021,
28.02.2021,
01.03.2021,4.8744
02.03.2021,4.8747
03.03.2021,4.8768
04.03.2021,4.8784
05.03.2021,4.8831
06.03.2021,
07.03.2021,
08.03.2021,4.8838
09.03.2021,4.8849
10.03.2021,4.8863
11.03.2021,4.8854
12.03.2021,4.8854
13.03.2021,
14.03.2021,
15.03.2021,4.8846
16.03.2021,4.8861
17.03.2021,4.8879
18.03.2021,4.8876
19.03.2021,4.8858
20.03.2021,
21.03.2021,
22.03.2021,4.8850
23.03.2021,4.8888
24.03.2021,4.8886
25.03.2021,4.8864
26.03.2021,4.8869
27.03.2021,
28.03.2021,
29.03.2021,4.8972
30.03.2021,4.9156
31.03.2021,4.9251
01.04.2021,4.9117
02.04.2021,4.9106
03.04.2021,
04.04.2021,
05.04.2021,4.9161
06.04.2021,4.9170
07.04.2021,4.9168
08.04.2021,4.9228
09.04.2021,4.9212
10.04.2021,
11.04.2021,
12.04.2021,4.9205
13.04.2021,4.9225
14.04.2021,4.9226
15.04.2021,4.9245
16.04.2021,4.9243
17.04.2021,
18.04.2021,
19.04.2021,4.9261
20.04.2021,4.9279
21.04.2021,4.9260
22.04.2021,4.9255
23.04.2021,4.9257
24.04.2021,
25.04.2021,
26.04.2021,4.9238
27.04.2021,4.9260
28.04.2021,4.9270
29.04.2021,4.9247
30.04.2021,
01.05.2021,
02.05.2021,
03.05.2021,
04.05.2021,4.9256
05.05.2021,4.9254
06.05.2021,4.9266
07.05.2021,4.9262
08.05.2021,
09.05.2021,
10.05.2021,4.9259
11.05.2021,4.9265
12.05.2021,4.9263
13.05.2021,4.9265
14.05.2021,4.9253
15.05.2021,
16.05.2021,
17.05.2021,4.9256
18.05.2021,4.9268
19.05.2021,4.9267
20.05.2021,4.9265
21.05.2021,4.9268
22.05.2021,
23.05.2021,
24.05.2021,4.9261
25.05.2021,4.9246
26.05.2021,4.9225
27.05.2021,4.9160
28.05.2021,4.9190
29.05.2021,
30.05.2021,
31.05.2021,4.9198
01.06.2021,
02.06.2021,4.9197
03.06.2021,4.9227
04.06.2021,4.9228
05.06.2021,
06.06.2021,
07.06.2021,4.9230
08.06.2021,4.9229
09.06.2021,4.9232
10.06.2021,4.9218
11.06.2021,4.9202
12.06.2021,
13.06.2021,
14.06.2021,4.9188
15.06.2021,4.9243
16.06.2021,4.9241
17.06.2021,4.9242
18.06.2021,4.9250
19.06.2021,
20.06.2021,
21.06.2021,
22.06.2021,4.9253
23.06.2021,4.9259
24.06.2021,4.9242
25.06.2021,4.9254
26.06.2021,
27.06.2021,
28.06.2021,4.9260
29.06.2021,4.9262
30.06.2021,4.9267
01.07.2021,4.9261
02.07.2021,4.9269
03.07.2021,
04.07.2021,
05.07.2021,4.9266
06.07.2021,4.9265
07.07.2021,4.9270
08.07.2021,4.9268
09.07.2021,4.9281
10.07.2021,
11.07.2021,
12.07.2021,4.9275
13.07.2021,4.9278
14.07.2021,4.9283
15.07.2021,4.9277
16.07.2021,4.9274
17.07.2021,
18.07.2021,
19.07.2021,4.9262
20.07.2021,4.9253
21.07.2021,4.9247
22.07.2021,4.9241
23.07.2021,4.9219
24.07.2021,
25.07.2021,
26.07.2021,4.9208
27.07.2021,4.9194
28.07.2021,4.9197
29.07.2021,4.9209
30.07.2021,4.9198
31.07.2021,
01.08.2021,
02.08.2021,4.9171
03.08.2021,4.9183
04.08.2021,4.9184
05.08.2021,4.9176
06.08.2021,4.9145
07.08.2021,
08.08.2021,
09.08.2021,4.9131
10.08.2021,4.9161
11.08.2021,4.9158
12.08.2021,4.9148
13.08.2021,4.9118
14.08.2021,
15.08.2021,
16.08.2021,4.9120
17.08.2021,4.9232
18.08.2021,4.9259
19.08.2021,4.9278
20.08.2021,4.9338
21.08.2021,
22.08.2021,
23.08.2021,4.9335
24.08.2021,4.9286
25.08.2021,4.9284
26.08.2021,4.9306
27.08.2021,4.9334
28.08.2021,
29.08.2021,
30.08.2021,4.9349
31.08.2021,4.9348
01.09.2021,4.9345
02.09.2021,4.9386
03.09.2021,4.9416
04.09.2021,
05.09.2021,
06.09.2021,4.9475
07.09.2021,4.9488
08.09.2021,4.9479
09.09.2021,4.9482
10.09.2021,4.9432
11.09.2021,
12.09.2021,
13.09.2021,4.9444
14.09.2021,4.9475
15.09.2021,4.9481
16.09.2021,4.9482
17.09.2021,4.9473
18.09.2021,
19.09.2021,
20.09.2021,4.9481
21.09.2021,4.9485
22.09.2021,4.9495
23.09.2021,4.9490
24.09.2021,4.9491
25.09.2021,
26.09.2021,
27.09.2021,4.9488
28.09.2021,4.9481
29.09.2021,4.9480
30.09.2021,4.9471
01.10.2021,4.9479
02.10.2021,
03.10.2021,
04.10.2021,4.9469
05.10.2021,4.9485
06.10.2021,4.9483
07.10.2021,4.9475
08.10.2021,4.9470
09.10.2021,
10.10.2021,
11.10.2021,4.9486
12.10.2021,4.9485
13.10.2021,4.9490
14.10.2021,4.9488
15.10.2021,4.9484
16.10.2021,
17.10.2021,
18.10.2021,4.9481
19.10.2021,4.9490
20.10.2021,4.9488
21.10.2021,4.9470
22.10.2021,4.9467
23.10.2021,
24.10.2021,
25.10.2021,4.9472
26.10.2021,4.9476
27.10.2021,4.9486
28.10.2021,4.9490
29.10.2021,4.9489
30.10.2021,
31.10.2021,
01.11.2021,4.9488
02.11.2021,4.9487
03.11.2021,4.9490
04.11.2021,4.9486
05.11.2021,4.9485
06.11.2021,
07.11.2021,
08.11.2021,4.9489
09.11.2021,4.9482
10.11.2021,4.9490
11.11.2021,4.9489
12.11.2021,4.9476
13.11.2021,
14.11.2021,
15.11.2021,4.9489
16.11.2021,4.9487
17.11.2021,4.9491
18.11.2021,4.9488
19.11.2021,4.9490
20.11.2021,
21.11.2021,
22.11.2021,4.9491
23.11.2021,4.9487
24.11.2021,4.9491
25.11.2021,4.9490
26.11.2021,4.9491
27.11.2021,
28.11.2021,
29.11.2021,4.9490
30.11.2021,
01.12.2021,
02.12.2021,4.9490
03.12.2021,4.9487
04.12.2021,
05.12.2021,
06.12.2021,4.9483
07.12.2021,4.9485
08.12.2021,4.9488
09.12.2021,4.9491
10.12.2021,4.9490
11.12.2021,
12.12.2021,
13.12.2021,4.9491
14.12.2021,4.9492
15.12.2021,4.9489
16.12.2021,4.9491
17.12.2021,4.9492
18.12.2021,
19.12.2021,
20.12.2021,4.9488
21.12.2021,4.9491
22.12.2021,4.9489
23.12.2021,4.9488
24.12.2021,4.9490
25.12.2021,
26.12.2021,
27.12.2021,4.9492
28.12.2021,4.9491
29.12.2021,4.9490
30.12.2021,4.9486
31.12.2021,4.9481
01.01.2022,
02.01.2022,
03.01.2022,4.9474
04.01.2022,4.9464
05.01.2022,4.9460
06.01.2022,4.9431
07.01.2022,4.9436
08.01.2022,
09.01.2022,
10.01.2022,4.9439
11.01.2022,4.9452
12.01.2022,4.9445
13.01.2022,4.9435
14.01.2022,4.9432
15.01.2022,
16.01.2022,
17.01.2022,4.9440
18.01.2022,4.9445
19.01.2022,4.9447
20.01.2022,4.9452
21.01.2022,4.9449
22.01.2022,
23.01.2022,
24.01.2022,
25.01.2022,4.9440
26.01.2022,4.9443
27.01.2022,4.9453
28.01.2022,4.9459
29.01.2022,
30.01.2022,
31.01.2022,4.9468
01.02.2022,4.9464
02.02.2022,4.9462
03.02.2022,4.9457
04.02.2022,4.9462
05.02.2022,
06.02.2022,
07.02.2022,4.9460
08.02.2022,4.9458
09.02.2022,4.9459
10.02.2022,4.9450
11.02.2022,4.9447
12.02.2022,
13.02.2022,
14.02.2022,4.9455
15.02.2022,4.9434
16.02.2022,4.9405
17.02.2022,4.9439
18.02.2022,4.9445
19.02.2022,
20.02.2022,
21.02.2022,4.9447
22.02.2022,4.9458
23.02.2022,4.9463
24.02.2022,4.9489
25.02.2022,4.9479
26.02.2022,
27.02.2022,
28.02.2022,4.9480
01.03.2022,4.9487
02.03.2022,4.9490
03.03.2022,4.9489
04.03.2022,4.9491
05.03.2022,
06.03.2022,
07.03.2022,4.9490
08.03.2022,4.9492
09.03.2022,4.9490
10.03.2022,4.9488
11.03.2022,4.9489
12.03.2022,
13.03.2022,
14.03.2022,4.9490
15.03.2022,4.9487
16.03.2022,4.9476
17.03.2022,4.9461
18.03.2022,4.9481
19.03.2022,
20.03.2022,
21.03.2022,4.9474
22.03.2022,4.9452
23.03.2022,4.9459
24.03.2022,4.9490
25.03.2022,4.9489
26.03.2022,
27.03.2022,
28.03.2022,4.9483
29.03.2022,4.9475
30.03.2022,4.9470
31.03.2022,4.9466
01.04.2022,4.9454
02.04.2022,
03.04.2022,
04.04.2022,4.9437
05.04.2022,4.9431
06.04.2022,4.9447
07.04.2022,4.9426
08.04.2022,4.9419
09.04.2022,
10.04.2022,
11.04.2022,4.9409
12.04.2022,4.9412
13.04.2022,4.9413
14.04.2022,4.9443
15.04.2022,4.9432
16.04.2022,
17.04.2022,
18.04.2022,4.9416
19.04.2022,4.9415
20.04.2022,4.9422
21.04.2022,4.9441
22.04.2022,
23.04.2022,
24.04.2022,
25.04.2022,
26.04.2022,4.9457
27.04.2022,4.9474
28.04.2022,4.9475
29.04.2022,4.9480
30.04.2022,
01.05.2022,
02.05.2022,4.9476
03.05.2022,4.9469
04.05.2022,4.9471
05.05.2022,4.9486
06.05.2022,4.9490
07.05.2022,
08.05.2022,
09.05.2022,4.9469
10.05.2022,4.9457
11.05.2022,4.9479
12.05.2022,4.9480
13.05.2022,4.9458
14.05.2022,
15.05.2022,
16.05.2022,4.9469
17.05.2022,4.9477
18.05.2022,4.9472
19.05.2022,4.9474
20.05.2022,4.9477
21.05.2022,
22.05.2022,
23.05.2022,4.9472
24.05.2022,4.9457
25.05.2022,4.9417
26.05.2022,4.9423
27.05.2022,4.9429
28.05.2022,
29.05.2022,
30.05.2022,4.9438
31.05.2022,4.9430
01.06.2022,
02.06.2022,4.9411
03.06.2022,4.9427
04.06.2022,
05.06.2022,
06.06.2022,4.9419
07.06.2022,4.9426
08.06.2022,4.9456
09.06.2022,4.9454
10.06.2022,4.9432
11.06.2022,
12.06.2022,
13.06.2022,
14.06.2022,4.9439
15.06.2022,4.9449
16.06.2022,4.9443
17.06.2022,4.9472
18.06.2022,
19.06.2022,
20.06.2022,4.9448
21.06.2022,4.9475
22.06.2022,4.9469
23.06.2022,4.9464
24.06.2022,4.9471
25.06.2022,
26.06.2022,
27.06.2022,4.9459
28.06.2022,4.9457
29.06.2022,4.9430
30.06.2022,4.9454
01.07.2022,4.9461
02.07.2022,
03.07.2022,
04.07.2022,4.9448
05.07.2022,4.9449
06.07.2022,4.9454
07.07.2022,4.9451
08.07.2022,4.9439
09.07.2022,
10.07.2022,
11.07.2022,4.9430
12.07.2022,4.9411
13.07.2022,4.9414
14.07.2022,4.9418
15.07.2022,4.9408
16.07.2022,
17.07.2022,
18.07.2022,4.9390
19.07.2022,4.9395
20.07.2022,4.9399
21.07.2022,4.9391
22.07.2022,4.9324
23.07.2022,
24.07.2022,
25.07.2022,4.9310
26.07.2022,4.9328
27.07.2022,4.9337
28.07.2022,4.9353
29.07.2022,4.9351
30.07.2022,
31.07.2022,
01.08.2022,4.9287
02.08.2022,4.9262
03.08.2022,4.9252
04.08.2022,4.9263
05.08.2022,4.9264
06.08.2022,
07.08.2022,
08.08.2022,4.9210
09.08.2022,4.9050
10.08.2022,4.9132
11.08.2022,4.9090
12.08.2022,4.8909
13.08.2022,
14.08.2022,
15.08.2022,
16.08.2022,4.8831
17.08.2022,4.8849
18.08.2022,4.8793
19.08.2022,4.8806
20.08.2022,
21.08.2022,
22.08.2022,4.8853
23.08.2022,4.8851
24.08.2022,4.8818
25.08.2022,4.8756
26.08.2022,4.8734
27.08.2022,
28.08.2022,
29.08.2022,4.8707
30.08.2022,4.8652
31.08.2022,4.8605
01.09.2022,4.8525
02.09.2022,4.8344
03.09.2022,
04.09.2022,
05.09.2022,4.8215
06.09.2022,4.8287
07.09.2022,4.8580
08.09.2022,4.8707
09.09.2022,4.8936
10.09.2022,
11.09.2022,
12.09.2022,4.9047
13.09.2022,4.9216
14.09.2022,4.9247
15.09.2022,4.9259
16.09.2022,4.9253
17.09.2022,
18.09.2022,
19.09.2022,4.9226
20.09.2022,4.9313
21.09.2022,4.9436
22.09.2022,4.9412
23.09.2022,4.9437
24.09.2022,
25.09.2022,
26.09.2022,4.9427
27.09.2022,4.9437
28.09.2022,4.9479
29.09.2022,4.9486
30.09.2022,4.9490
01.10.2022,
02.10.2022,
03.10.2022,4.9480
04.10.2022,4.9471
05.10.2022,4.9419
06.10.2022,4.9366
07.10.2022,4.9410
08.10.2022,
09.10.2022,
10.10.2022,4.9395
11.10.2022,4.9367
12.10.2022,4.9397
13.10.2022,4.9416
14.10.2022,4.9350
15.10.2022,
16.10.2022,
17.10.2022,4.9360
18.10.2022,4.9357
19.10.2022,4.9290
20.10.2022,4.9246
21.10.2022,4.9130
22.10.2022,
23.10.2022,
24.10.2022,4.9139
25.10.2022,4.9038
26.10.2022,4.8793
27.10.2022,4.8890
28.10.2022,4.9128
29.10.2022,
30.10.2022,
31.10.2022,4.9141
01.11.2022,4.9134
02.11.2022,4.9113
03.11.2022,4.9010
04.11.2022,4.8876
05.11.2022,
06.11.2022,
07.11.2022,4.8871
08.11.2022,4.8912
09.11.2022,4.9052
10.11.2022,4.8919
11.11.2022,4.8902
12.11.2022,
13.11.2022,
14.11.2022,4.8982
15.11.2022,4.9032
16.11.2022,4.9209
17.11.2022,4.9267
18.11.2022,4.9418
19.11.2022,
20.11.2022,
21.11.2022,4.9417
22.11.2022,4.9253
23.11.2022,4.9385
24.11.2022,4.9309
25.11.2022,4.9250
26.11.2022,
27.11.2022,
28.11.2022,4.9266
29.11.2022,4.9184
30.11.2022,
01.12.2022,
02.12.2022,4.9297
03.12.2022,
04.12.2022,
05.12.2022,4.9207
06.12.2022,4.9126
07.12.2022,4.9186
08.12.2022,4.9192
09.12.2022,4.9211
10.12.2022,
11.12.2022,
12.12.2022,4.9286
13.12.2022,4.9314
14.12.2022,4.9248
15.12.2022,4.9206
16.12.2022,4.9199
17.12.2022,
18.12.2022,
19.12.2022,4.9176
20.12.2022,4.9140
21.12.2022,4.9023
22.12.2022,4.8981
23.12.2022,4.9020
24.12.2022,
25.12.2022,
26.12.2022,
27.12.2022,4.9278
28.12.2022,4.9463
29.12.2022,4.9458
30.12.2022,4.9474
31.12.2022,
01.01.2023,
02.01.2023,
03.01.2023,4.9273
04.01.2023,4.9264
05.01.2023,4.9243
06.01.2023,4.9293
07.01.2023,
08.01.2023,
09.01.2023,4.9252
10.01.2023,4.9253
11.01.2023,4.9328
12.01.2023,4.9359
13.01.2023,4.9413
14.01.2023,
15.01.2023,
16.01.2023,4.9405
17.01.2023,4.9314
18.01.2023,4.9355
19.01.2023,4.9293
20.01.2023,4.9255
21.01.2023,
22.01.2023,
23.01.2023,4.9198
24.01.2023,
25.01.2023,4.9016
26.01.2023,4.8858
27.01.2023,4.8922
28.01.2023,
29.01.2023,
30.01.2023,4.9030
31.01.2023,4.9221
01.02.2023,4.9148
02.02.2023,4.9024
03.02.2023,4.9005
04.02.2023,
05.02.2023,
06.02.2023,4.9036
07.02.2023,4.9022
08.02.2023,4.8962
09.02.2023,4.8900
10.02.2023,4.9045
11.02.2023,
12.02.2023,
13.02.2023,4.9037
14.02.2023,4.9012
15.02.2023,4.8993
16.02.2023,4.9007
17.02.2023,4.9040
18.02.2023,
19.02.2023,
20.02.2023,4.9196
21.02.2023,4.9193
22.02.2023,4.9248
23.02.2023,4.9115
24.02.2023,4.9170
25.02.2023,
26.02.2023,
27.02.2023,4.9185
28.02.2023,4.9200
01.03.2023,4.9267
02.03.2023,4.9218
03.03.2023,4.9213
04.03.2023,
05.03.2023,
06.03.2023,4.9209
07.03.2023,4.9209
08.03.2023,4.9157
09.03.2023,4.9156
10.03.2023,4.9136
11.03.2023,
12.03.2023,
13.03.2023,4.9155
14.03.2023,4.9253
15.03.2023,4.9207
16.03.2023,4.9190
17.03.2023,4.9200
18.03.2023,
19.03.2023,
20.03.2023,4.9219
21.03.2023,4.9209
22.03.2023,4.9232
23.03.2023,4.9214
24.03.2023,4.9255
25.03.2023,
26.03.2023,
27.03.2023,4.9405
28.03.2023,4.9481
29.03.2023,4.9479
30.03.2023,4.9485
31.03.2023,4.9491
01.04.2023,
02.04.2023,
03.04.2023,4.9419
04.04.2023,4.9380
05.04.2023,4.9316
06.04.2023,4.9370
07.04.2023,4.9367
08.04.2023,
09.04.2023,
10.04.2023,4.9315
11.04.2023,4.9338
12.04.2023,4.9381
13.04.2023,4.9432
14.04.2023,
15.04.2023,
16.04.2023,
17.04.2023,
18.04.2023,4.9372
19.04.2023,4.9330
20.04.2023,4.9305
21.04.2023,4.9401
22.04.2023,
23.04.2023,
24.04.2023,4.9293
25.04.2023,4.9340
26.04.2023,4.9401
27.04.2023,4.9439
28.04.2023,4.9353
29.04.2023,
30.04.2023,
01.05.2023,
02.05.2023,4.9290
03.05.2023,4.9298
04.05.2023,4.9295
05.05.2023,4.9273
06.05.2023,
07.05.2023,
08.05.2023,4.9256
09.05.2023,4.9202
10.05.2023,4.9221
11.05.2023,4.9294
12.05.2023,4.9324
13.05.2023,
14.05.2023,
15.05.2023,4.9365
16.05.2023,4.9462
17.05.2023,4.9610
18.05.2023,4.9731
19.05.2023,4.9783
20.05.2023,
21.05.2023,
22.05.2023,4.9780
23.05.2023,4.9710
24.05.2023,4.9624
25.05.2023,4.9578
26.05.2023,4.9575
27.05.2023,
28.05.2023,
29.05.2023,4.9580
30.05.2023,4.9640
31.05.2023,4.9696
01.06.2023,
02.06.2023,4.9633
03.06.2023,
04.06.2023,
05.06.2023,
06.06.2023,4.9615
07.06.2023,4.9578
08.06.2023,4.9543
09.06.2023,4.9560
10.06.2023,
11.06.2023,
12.06.2023,4.9568
13.06.2023,4.9609
14.06.2023,4.9559
15.06.2023,4.9586
16.06.2023,4.9604
17.06.2023,
18.06.2023,
19.06.2023,4.9596
20.06.2023,4.9631
21.06.2023,4.9627
22.06.2023,4.9636
23.06.2023,4.9561
24.06.2023,
25.06.2023,
26.06.2023,4.9556
27.06.2023,4.9630
28.06.2023,4.9583
29.06.2023,4.9644
30.06.2023,4.9634
01.07.2023,
02.07.2023,
03.07.2023,4.9517
04.07.2023,4.9503
05.07.2023,4.9473
06.07.2023,4.9507
07.07.2023,4.9540
08.07.2023,
09.07.2023,
10.07.2023,4.9514
11.07.2023,4.9501
12.07.2023,4.9510
13.07.2023,4.9437
14.07.2023,4.9426
15.07.2023,
16.07.2023,
17.07.2023,4.9406
18.07.2023,4.9385
19.07.2023,4.9465
20.07.2023,4.9403
21.07.2023,4.9377
22.07.2023,
23.07.2023,
24.07.2023,4.9245
25.07.2023,4.9198
26.07.2023,4.9292
27.07.2023,4.9285
28.07.2023,4.9322
29.07.2023,
30.07.2023,
31.07.2023,4.9346
01.08.2023,4.9334
02.08.2023,4.9339
03.08.2023,4.9382
04.08.2023,4.9521
05.08.2023,
06.08.2023,
07.08.2023,4.9490
08.08.2023,4.9497
09.08.2023,4.9477
10.08.2023,4.9433
11.08.2023,4.9418
12.08.2023,
13.08.2023,
14.08.2023,4.9422
15.08.2023,
16.08.2023,4.9354
17.08.2023,4.9345
18.08.2023,4.9442
19.08.2023,
20.08.2023,
21.08.2023,4.9416
22.08.2023,4.9373
23.08.2023,4.9405
24.08.2023,4.9345
25.08.2023,4.9388
26.08.2023,
27.08.2023,
28.08.2023,4.9358
29.08.2023,4.9418
30.08.2023,4.9424
31.08.2023,4.9412
01.09.2023,4.9440
02.09.2023,
03.09.2023,
04.09.2023,4.9465
05.09.2023,4.9491
06.09.2023,4.9615
07.09.2023,4.9632
08.09.2023,4.9643
09.09.2023,
10.09.2023,
11.09.2023,4.9660
12.09.2023,4.9690
13.09.2023,4.9697
14.09.2023,4.9695
15.09.2023,4.9690
16.09.2023,
17.09.2023,
18.09.2023,4.9679
19.09.2023,4.9691
20.09.2023,4.9711
21.09.2023,4.9707
22.09.2023,4.9675
23.09.2023,
24.09.2023,
25.09.2023,4.9677
26.09.2023,4.9696
27.09.2023,4.9743
28.09.2023,4.9749
29.09.2023,4.9746
30.09.2023,
01.10.2023,
02.10.2023,4.9744
03.10.2023,4.9745
04.10.2023,4.9752
05.10.2023,4.9700
06.10.2023,4.9631
07.10.2023,
08.10.2023,
09.10.2023,4.9682
10.10.2023,4.9656
11.10.2023,4.9658
12.10.2023,4.9627
13.10.2023,4.9645
14.10.2023,
15.10.2023,
16.10.2023,4.9654
17.10.2023,4.9676
18.10.2023,4.9705
19.10.2023,4.9720
20.10.2023,4.9734
21.10.2023,
22.10.2023,
23.10.2023,4.9724
24.10.2023,4.9678
25.10.2023,4.9628
26.10.2023,4.9643
27.10.2023,4.9681
28.10.2023,
29.10.2023,
30.10.2023,4.9647
31.10.2023,4.9669
01.11.2023,4.9685
02.11.2023,4.9693
03.11.2023,4.9701
04.11.2023,
05.11.2023,
06.11.2023,4.9695
07.11.2023,4.9696
08.11.2023,4.9674
09.11.2023,4.9673
10.11.2023,4.9692
11.11.2023,
12.11.2023,
13.11.2023,4.9703
14.11.2023,4.9723
15.11.2023,4.9701
16.11.2023,4.9704
17.11.2023,4.9711
18.11.2023,
19.11.2023,
20.11.2023,4.9709
21.11.2023,4.9706
22.11.2023,4.9707
23.11.2023,4.9710
24.11.2023,4.9703
25.11.2023,
26.11.2023,
27.11.2023,4.9702
28.11.2023,4.9725
29.11.2023,4.9726
30.11.2023,
01.12.2023,
02.12.2023,
03.12.2023,
04.12.2023,4.9678
05.12.2023,4.9672
06.12.2023,4.9681
07.12.2023,4.9679
08.12.2023,4.9677
09.12.2023,
10.12.2023,
11.12.2023,4.9708
12.12.2023,4.9724
13.12.2023,4.9740
14.12.2023,4.9720
15.12.2023,4.9709
16.12.2023,
17.12.2023,
18.12.2023,4.9676
19.12.2023,4.9704
20.12.2023,4.9702
21.12.2023,4.9692
22.12.2023,4.9695
23.12.2023,
24.12.2023,
25.12.2023,
26.12.2023,
27.12.2023,4.9720
28.12.2023,4.9753
29.12.2023,4.9746
30.12.2023,
31.12.2023,
01.01.2024,
02.01.2024,
03.01.2024,4.9731
04.01.2024,4.9730
05.01.2024,4.9744
06.01.2024,
07.01.2024,
08.01.2024,4.9720
09.01.2024,4.9715
10.01.2024,4.9724
11.01.2024,4.9723
12.01.2024,4.9731
13.01.2024,
14.01.2024,
15.01.2024,4.9736
16.01.2024,4.9761
17.01.2024,4.9752
18.01.2024,4.9765
19.01.2024,4.9769
20.01.2024,
21.01.2024,
22.01.2024,4.9768
23.01.2024,4.9767
24.01.2024,
25.01.2024,4.9765
26.01.2024,4.9763
27.01.2024,
28.01.2024,
29.01.2024,4.9770
30.01.2024,4.9769
31.01.2024,4.9759
01.02.2024,4.9747
02.02.2024,4.9728
03.02.2024,
04.02.2024,
05.02.2024,4.9736
06.02.2024,4.9760
07.02.2024,4.9769
08.02.2024,4.9764
09.02.2024,4.9770
10.02.2024,
11.02.2024,
12.02.2024,4.9753
13.02.2024,4.9761
14.02.2024,4.9760
15.02.2024,4.9767
16.02.2024,4.9770
17.02.2024,
18.02.2024,
19.02.2024,4.9773
20.02.2024,4.9771
21.02.2024,4.9759
22.02.2024,4.9769
23.02.2024,4.9753
24.02.2024,
25.02.2024,
26.02.2024,4.9731
27.02.2024,4.9686
28.02.2024,4.9700
29.02.2024,4.9690
01.03.2024,4.9699
02.03.2024,
03.03.2024,
04.03.2024,4.9698
05.03.2024,4.9719
06.03.2024,4.9718
07.03.2024,4.9707
08.03.2024,4.9691
09.03.2024,
10.03.2024,
11.03.2024,4.9671
12.03.2024,4.9665
13.03.2024,4.9675
14.03.2024,4.9712
15.03.2024,4.9707
16.03.2024,
17.03.2024,
18.03.2024,4.9715
19.03.2024,4.9741
20.03.2024,4.9739
21.03.2024,4.9740
22.03.2024,4.9727
23.03.2024,
24.03.2024,
25.03.2024,4.9711
26.03.2024,4.9712
27.03.2024,4.9710
28.03.2024,4.9730
29.03.2024,4.9695
30.03.2024,
31.03.2024,
01.04.2024,4.9700
02.04.2024,4.9705
03.04.2024,4.9689
04.04.2024,4.9708
05.04.2024,4.9681
06.04.2024,
07.04.2024,
08.04.2024,4.9678
09.04.2024,4.9682
10.04.2024,4.9692
11.04.2024,4.9703
12.04.2024,4.9714
13.04.2024,
14.04.2024,
15.04.2024,4.9737
16.04.2024,4.9763
17.04.2024,4.9754
18.04.2024,4.9763
19.04.2024,4.9764
20.04.2024,
21.04.2024,
22.04.2024,4.9758
23.04.2024,4.9762
24.04.2024,4.9761
25.04.2024,4.9763
26.04.2024,4.9765
27.04.2024,
28.04.2024,
29.04.2024,4.9758
30.04.2024,4.9759
01.05.2024,
02.05.2024,4.9764
03.05.2024,
04.05.2024,
05.05.2024,
06.05.2024,
07.05.2024,4.9757
08.05.2024,4.9761
09.05.2024,4.9753
10.05.2024,4.9756
11.05.2024,
12.05.2024,
13.05.2024,4.9765
14.05.2024,4.9763
15.05.2024,4.9765
16.05.2024,4.9756
17.05.2024,4.9751
18.05.2024,
19.05.2024,
20.05.2024,4.9748
21.05.2024,4.9746
22.05.2024,4.9745
23.05.2024,4.9757
24.05.2024,4.9744
25.05.2024,
26.05.2024,
27.05.2024,4.9767
28.05.2024,4.9759
29.05.2024,4.9762
30.05.2024,4.9766
31.05.2024,4.9767
01.06.2024,
02.06.2024,
03.06.2024,4.9761
04.06.2024,4.9752
05.06.2024,4.9758
06.06.2024,4.9763
07.06.2024,4.9760
08.06.2024,
09.06.2024,
10.06.2024,4.9765
11.06.2024,4.9767
12.06.2024,4.9766
13.06.2024,4.9772
14.06.2024,4.9771
15.06.2024,
16.06.2024,
17.06.2024,4.9768
18.06.2024,4.9766
19.06.2024,4.9763
20.06.2024,4.9770
21.06.2024,4.9771
22.06.2024,
23.06.2024,
24.06.2024,
25.06.2024,4.9768
26.06.2024,4.9769
27.06.2024,4.9768
28.06.2024,4.9771
29.06.2024,
30.06.2024,
01.07.2024,4.9770
02.07.2024,4.9770
03.07.2024,4.9771
04.07.2024,4.9772
05.07.2024,4.9773
06.07.2024,
07.07.2024,
08.07.2024,4.9755
09.07.2024,4.9735
10.07.2024,4.9736
11.07.2024,4.9749
12.07.2024,4.9737
13.07.2024,
14.07.2024,
15.07.2024,4.9700
16.07.2024,4.9655
17.07.2024,4.9681
18.07.2024,4.9692
19.07.2024,4.9709
20.07.2024,
21.07.2024,
22.07.2024,4.9716
23.07.2024,4.9729
24.07.2024,4.9704
25.07.2024,4.9690
26.07.2024,4.9700
27.07.2024,
28.07.2024,
29.07.2024,4.9720
30.07.2024,4.9753
31.07.2024,4.9752
01.08.2024,4.9760
02.08.2024,4.9753
03.08.2024,
04.08.2024,
05.08.2024,4.9769
06.08.2024,4.9768
07.08.2024,4.9766
08.08.2024,4.9767
09.08.2024,4.9769
10.08.2024,
11.08.2024,
12.08.2024,4.9765
13.08.2024,4.9764
14.08.2024,4.9761
15.08.2024,
16.08.2024,4.9754
17.08.2024,
18.08.2024,
19.08.2024,4.9773
20.08.2024,4.9769
21.08.2024,4.9772
22.08.2024,4.9765
23.08.2024,4.9767
24.08.2024,
25.08.2024,
26.08.2024,4.9753
27.08.2024,4.9765
28.08.2024,4.9771
29.08.2024,4.9772
30.08.2024,4.9769
31.08.2024,
01.09.2024,
02.09.2024,4.9755
03.09.2024,4.9738
04.09.2024,4.9729
05.09.2024,4.9711
06.09.2024,4.9728
07.09.2024,
08.09.2024,
09.09.2024,4.9741
10.09.2024,4.9742
11.09.2024,4.9740
12.09.2024,4.9742
13.09.2024,4.9737
14.09.2024,
15.09.2024,
16.09.2024,4.9743
17.09.2024,4.9738
18.09.2024,4.9746
19.09.2024,4.9744
20.09.2024,4.9745
21.09.2024,
22.09.2024,
23.09.2024,4.9741
24.09.2024,4.9757
25.09.2024,4.9758
26.09.2024,4.9759
27.09.2024,4.9760
28.09.2024,
29.09.2024,
30.09.2024,4.9756
01.10.2024,4.9758
02.10.2024,4.9764
03.10.2024,4.9763
04.10.2024,4.9766
05.10.2024,
06.10.2024,
07.10.2024,4.9770
08.10.2024,4.9771
09.10.2024,4.9763
10.10.2024,4.9759
11.10.2024,4.9752
12.10.2024,
13.10.2024,
14.10.2024,4.9744
15.10.2024,4.9755
16.10.2024,4.9758
17.10.2024,4.9720
18.10.2024,4.9724
19.10.2024,
20.10.2024,
21.10.2024,4.9722
22.10.2024,4.9731
23.10.2024,4.9735
24.10.2024,4.9733
25.10.2024,4.9732
26.10.2024,
27.10.2024,
28.10.2024,4.9735
29.10.2024,4.9747
30.10.2024,4.9746
31.10.2024,4.9745
01.11.2024,4.9747
02.11.2024,
03.11.2024,
04.11.2024,4.9748
05.11.2024,4.9750
06.11.2024,4.9755
07.11.2024,4.9757
08.11.2024,4.9750
09.11.2024,
10.11.2024,
11.11.2024,4.9749
12.11.2024,4.9761
13.11.2024,4.9764
14.11.2024,4.9759
15.11.2024,4.9765
16.11.2024,
17.11.2024,
18.11.2024,4.9764
19.11.2024,4.9769
20.11.2024,4.9762
21.11.2024,4.9766
22.11.2024,4.9759
23.11.2024,
24.11.2024,
25.11.2024,4.9767
26.11.2024,4.9768
27.11.2024,4.9765
28.11.2024,4.9769
29.11.2024,4.9771
30.11.2024,
01.12.2024,
02.12.2024,4.9769
03.12.2024,4.9770
04.12.2024,4.9770
05.12.2024,4.9771
06.12.2024,4.9773
07.12.2024,
08.12.2024,
09.12.2024,4.9717
10.12.2024,4.9709
11.12.2024,4.9684
12.12.2024,4.9708
13.12.2024,4.9732
14.12.2024,
15.12.2024,
16.12.2024,4.9759
17.12.2024,4.9756
18.12.2024,4.9755
19.12.2024,4.9749
20.12.2024,4.9764
21.12.2024,
22.12.2024,
23.12.2024,4.9759
24.12.2024,4.9748
25.12.2024,
26.12.2024,
27.12.2024,4.9765
28.12.2024,
29.12.2024,
30.12.2024,4.9764
31.12.2024,4.9741
01.01.2025,
02.01.2025,
03.01.2025,4.9749
04.01.2025,
05.01.2025,
06.01.2025,
07.01.2025,
08.01.2025,4.9738
09.01.2025,4.9736
10.01.2025,4.9728
11.01.2025,
12.01.2025,
13.01.2025,4.9731
14.01.2025,4.9742
15.01.2025,4.9750
16.01.2025,4.9749
17.01.2025,4.9759
18.01.2025,
19.01.2025,
20.01.2025,4.9765
21.01.2025,4.9764
22.01.2025,4.9768
23.01.2025,4.9763
24.01.2025,
25.01.2025,
26.01.2025,
27.01.2025,4.9756
28.01.2025,4.9748
29.01.2025,4.9759
30.01.2025,4.9761
31.01.2025,4.9767
01.02.2025,
02.02.2025,
03.02.2025,4.9766
04.02.2025,4.9769
05.02.2025,4.9766
06.02.2025,4.9764
07.02.2025,4.9767
08.02.2025,
09.02.2025,
10.02.2025,4.9765
11.02.2025,4.9771
12.02.2025,4.9770
13.02.2025,4.9773
14.02.2025,4.9771
15.02.2025,
16.02.2025,
17.02.2025,4.9770
18.02.2025,4.9771
19.02.2025,4.9772
20.02.2025,4.9773
21.02.2025,4.9773
22.02.2025,
23.02.2025,
24.02.2025,4.9770
25.02.2025,4.9773
26.02.2025,4.9774
27.02.2025,4.9773
28.02.2025,4.9765
01.03.2025,
02.03.2025,
03.03.2025,4.9774
04.03.2025,4.9769
05.03.2025,4.9770
06.03.2025,4.9760
07.03.2025,4.9756
08.03.2025,
09.03.2025,
10.03.2025,4.9766
11.03.2025,4.9772
12.03.2025,4.9771
13.03.2025,4.9770
14.03.2025,4.9768
15.03.2025,
16.03.2025,
17.03.2025,4.9773
18.03.2025,4.9774
19.03.2025,4.9769
20.03.2025,4.9768
21.03.2025,4.9770
22.03.2025,
23.03.2025,
24.03.2025,4.9766
25.03.2025,4.9754
26.03.2025,4.9761
27.03.2025,4.9772
28.03.2025,4.9773
29.03.2025,
30.03.2025,
31.03.2025,4.9771
01.04.2025,4.9770
02.04.2025,4.9774
03.04.2025,4.9772
04.04.2025,4.9770
05.04.2025,
06.04.2025,
07.04.2025,4.9774
08.04.2025,4.9772
09.04.2025,4.9775
10.04.2025,4.9772
11.04.2025,4.9774
12.04.2025,
13.04.2025,
14.04.2025,4.9775
15.04.2025,4.9774
16.04.2025,4.9775
17.04.2025,4.9773
18.04.2025,
19.04.2025,
20.04.2025,
21.04.2025,
22.04.2025,4.9774
23.04.2025,4.9775
24.04.2025,4.9772
25.04.2025,4.9774
26.04.2025,
27.04.2025,
28.04.2025,4.9775
29.04.2025,4.9774
30.04.2025,4.9775
01.05.2025,
02.05.2025,4.9773
03.05.2025,
04.05.2025,
05.05.2025,4.9775
06.05.2025,5.0378
07.05.2025,5.0991
08.05.2025,5.1222
09.05.2025,5.1165
10.05.2025,
11.05.2025,
12.05.2025,5.0993
13.05.2025,5.0991
14.05.2025,5.1036
15.05.2025,5.1032
16.05.2025,5.1033
17.05.2025,
18.05.2025,
19.05.2025,5.0315
20.05.2025,5.0848
21.05.2025,5.0730
22.05.2025,5.0564
23.05.2025,5.0550
24.05.2025,
25.05.2025,
26.05.2025,5.0612
27.05.2025,5.0625
28.05.2025,5.0553
29.05.2025,5.0667
30.05.2025,5.0639
31.05.2025,
01.06.2025,
02.06.2025,5.0572
03.06.2025,5.0587
04.06.2025,5.0558
05.06.2025,5.0537
06.06.2025,5.0422
07.06.2025,
08.06.2025,
09.06.2025,
10.06.2025,5.0366
11.06.2025,5.0251
12.06.2025,5.0291
13.06.2025,5.0320
14.06.2025,
15.06.2025,
16.06.2025,5.0290
17.06.2025,5.0263
18.06.2025,5.0325
19.06.2025,5.0317
20.06.2025,5.0472
21.06.2025,
22.06.2025,
23.06.2025,5.0453
24.06.2025,5.0522
25.06.2025,5.0538
26.06.2025,5.0717
27.06.2025,5.0780
28.06.2025,
29.06.2025,
30.06.2025,5.0777
01.07.2025,5.0772
02.07.2025,5.0665
03.07.2025,5.0603
04.07.2025,5.0600
05.07.2025,
06.07.2025,
07.07.2025,5.0645
08.07.2025,5.0677
09.07.2025,5.0759
10.07.2025,5.0774
11.07.2025,5.0810
12.07.2025,
13.07.2025,
14.07.2025,5.0795
15.07.2025,5.0798
16.07.2025,5.0722
17.07.2025,5.0724
18.07.2025,5.0736
19.07.2025,
20.07.2025,
21.07.2025,5.0703
22.07.2025,5.0705
23.07.2025,5.0693
24.07.2025,5.0692
25.07.2025,5.0708
26.07.2025,
27.07.2025,
28.07.2025,5.0704
29.07.2025,5.0751
30.07.2025,5.0770
31.07.2025,5.0764
01.08.2025,5.0770
02.08.2025,
03.08.2025,
04.08.2025,5.0742
05.08.2025,5.0749
06.08.2025,5.0747
07.08.2025,5.0736
08.08.2025,5.0711
09.08.2025,
10.08.2025,
11.08.2025,5.0676
12.08.2025,5.0683
13.08.2025,5.0633
14.08.2025,5.0628
15.08.2025,
16.08.2025,
17.08.2025,
18.08.2025,5.0588
19.08.2025,5.0573
20.08.2025,5.0611
21.08.2025,5.0578
22.08.2025,5.0545
23.08.2025,
24.08.2025,
25.08.2025,5.0539
26.08.2025,5.0552
27.08.2025,5.0629
28.08.2025,5.0672
29.08.2025,5.0722
30.08.2025,
31.08.2025,
01.09.2025,5.0725
02.09.2025,5.0781
03.09.2025,5.0779
04.09.2025,5.0772
05.09.2025,5.0787
06.09.2025,
07.09.2025,
08.09.2025,5.0716
09.09.2025,5.0737
10.09.2025,5.0733
11.09.2025,5.0707
12.09.2025,5.0694
13.09.2025,
14.09.2025,
15.09.2025,5.0632
16.09.2025,5.0634
17.09.2025,5.0670
18.09.2025,5.0695
19.09.2025,5.0719
20.09.2025,
21.09.2025,
22.09.2025,5.0753
23.09.2025,5.0774
24.09.2025,5.0784
25.09.2025,5.0754
26.09.2025,5.0772
27.09.2025,
28.09.2025,
29.09.2025,5.0783
30.09.2025,5.0811
01.10.2025,5.0820
02.10.2025,5.0837
03.10.2025,5.0889
04.10.2025,
05.10.2025,
06.10.2025,5.0886
07.10.2025,5.0916
08.10.2025,5.0963
09.10.2025,5.0953
10.10.2025,5.0927
11.10.2025,
12.10.2025,
13.10.2025,5.0903
14.10.2025,5.0879
15.10.2025,5.0885
16.10.2025,5.0884
17.10.2025,5.0889
18.10.2025,
19.10.2025,
20.10.2025,5.0890
21.10.2025,5.0832
22.10.2025,5.0831
23.10.2025,5.0823
24.10.2025,5.0835
25.10.2025,
26.10.2025,
27.10.2025,5.0848
28.10.2025,5.0844
29.10.2025,5.0829
30.10.2025,5.0856
31.10.2025,5.0851
01.11.2025,
02.11.2025,
03.11.2025,5.0861
04.11.2025,5.0865
05.11.2025,5.0851
06.11.2025,5.0845
07.11.2025,5.0860
08.11.2025,
09.11.2025,
10.11.2025,5.0854
11.11.2025,5.0845
12.11.2025,5.0846
13.11.2025,5.0839
14.11.2025,5.0847
15.11.2025,
16.11.2025,
17.11.2025,5.0844
18.11.2025,5.0859
19.11.2025,5.0889
20.11.2025,5.0889
21.11.2025,5.0891
22.11.2025,
23.11.2025,
24.11.2025,5.0871
25.11.2025,5.0890
26.11.2025,5.0903
27.11.2025,5.0901
28.11.2025,5.0906
29.11.2025,
30.11.2025,
01.12.2025,
02.12.2025,5.0893
03.12.2025,5.0910
04.12.2025,5.0920
05.12.2025,5.0919
06.12.2025,
07.12.2025,
08.12.2025,5.0899
09.12.2025,5.0897
10.12.2025,5.0894
11.12.2025,5.0898
12.12.2025,5.0904
13.12.2025,
14.12.2025,
15.12.2025,5.0914
16.12.2025,5.0920
17.12.2025,5.0923
18.12.2025,5.0911
19.12.2025,5.0896
20.12.2025,
21.12.2025,
22.12.2025,5.0881
23.12.2025,5.0908
24.12.2025,5.0890
25.12.2025,
26.12.2025,
27.12.2025,
28.12.2025,
29.12.2025,5.0920
30.12.2025,5.0963
31.12.2025,5.0985
01.01.2026,
02.01.2026,
03.01.2026,
04.01.2026,
05.01.2026,5.0905
06.01.2026,
07.01.2026,
08.01.2026,5.0871
09.01.2026,5.0887
10.01.2026,
11.01.2026,
12.01.2026,5.0896
13.01.2026,5.0896
14.01.2026,5.0897
15.01.2026,5.0891
16.01.2026,5.0894
17.01.2026,
18.01.2026,
19.01.2026,5.0921
20.01.2026,5.0929
21.01.2026,5.0961
22.01.2026,5.0936
23.01.2026,5.0943
24.01.2026,
25.01.2026,
26.01.2026,5.0960
27.01.2026,5.0959
28.01.2026,5.0960
29.01.2026,5.0957
30.01.2026,5.0961
31.01.2026,
01.02.2026,
02.02.2026,5.0959
03.02.2026,5.0950
04.02.2026,5.0943
05.02.2026,5.0945
06.02.2026,5.0923
07.02.2026,
08.02.2026,
09.02.2026,5.0934
10.02.2026,5.0910
11.02.2026,5.0914
12.02.2026,5.0934
13.02.2026,5.0943
14.02.2026,
15.02.2026,
16.02.2026,5.0953
17.02.2026,5.0965
18.02.2026,5.0941
19.02.2026,5.0956
20.02.2026,5.0974
21.02.2026,
22.02.2026,
23.02.2026,5.0968
24.02.2026,5.0954
25.02.2026,5.0953
26.02.2026,5.0955
27.02.2026,5.0953
28.02.2026,
01.03.2026,
02.03.2026,5.0972
03.03.2026,5.0981
04.03.2026,5.0959
05.03.2026,5.0937
06.03.2026,5.0941
07.03.2026,
08.03.2026,
09.03.2026,5.0979
10.03.2026,5.0955
11.03.2026,5.0937
12.03.2026,5.0938
13.03.2026,5.0947
14.03.2026,
15.03.2026,
16.03.2026,5.0949
17.03.2026,5.0937
18.03.2026,5.0940
19.03.2026,5.0959
20.03.2026,5.0951
21.03.2026,
22.03.2026,
23.03.2026,5.0989
24.03.2026,5.0962
25.03.2026,5.0952
26.03.2026,5.0953
27.03.2026,5.0991
28.03.2026,
29.03.2026,
30.03.2026,5.0989
31.03.2026,5.0988
01.04.2026,5.0985
02.04.2026,5.0986
03.04.2026,5.0978
04.04.2026,
05.04.2026,
06.04.2026,5.0961
07.04.2026,5.0963
08.04.2026,5.0949
09.04.2026,5.0937
10.04.2026,
11.04.2026,
12.04.2026,
13.04.2026,
14.04.2026,5.0920
15.04.2026,5.0914
16.04.2026,5.0918
17.04.2026,5.0987
18.04.2026,
19.04.2026,
20.04.2026,5.0989
21.04.2026,5.0988
